Crop,Region,District,Year,Area_Planted_ha,Yield_kg_per_ha,Production_tonnes
Avocados,Ghana (National),,2012,1900.0,4605.3,8750.07
Avocados,Ghana (National),,2013,1885.0,4618.3,8705.4955
Avocados,Ghana (National),,2014,1900.0,4578.9,8699.91
Avocados,Ghana (National),,2015,1932.0,4555.2,8800.6464
Avocados,Ghana (National),,2016,1974.0,4534.4,8950.9056
Avocados,Ghana (National),,2017,2011.0,4519.7,9089.1167
Avocados,Ghana (National),,2018,2047.0,4501.1,9213.7517
Avocados,Ghana (National),,2019,2080.0,4479.5,9317.36
Avocados,Ghana (National),,2020,2108.0,4463.2,9408.4256
Avocados,Ghana (National),,2021,2078.0,4575.9,9508.7202
Avocados,Ghana (National),,2022,2089.0,4506.0,9413.034
Avocados,Ghana (National),,2023,2091.0,4514.8,9440.446800000002
Avocados,Ghana (National),,2024,2086.0,4532.2,9454.169199999998
Bananas,Ghana (National),,2012,7600.0,10526.3,79999.88
Bananas,Ghana (National),,2013,7800.0,10800.0,84240.0
Bananas,Ghana (National),,2014,7955.0,11000.0,87505.0
Bananas,Ghana (National),,2015,7955.0,11000.0,87505.0
Bananas,Ghana (National),,2016,7955.0,11000.0,87505.0
Bananas,Ghana (National),,2017,8305.0,11220.5,93186.2525
Bananas,Ghana (National),,2018,8706.0,11380.4,99077.7624
Bananas,Ghana (National),,2019,9190.0,11534.9,106005.731
Bananas,Ghana (National),,2020,9678.0,11627.2,112528.0416
Bananas,Ghana (National),,2021,9908.0,11890.8,117814.0464
Bananas,Ghana (National),,2022,10409.0,11876.5,123622.4885
Bananas,Ghana (National),,2023,10848.0,11984.1,130003.5168
Bananas,Ghana (National),,2024,11170.0,12091.6,135063.172
"Beans, dry",Ghana (National),,2012,168800.0,1322.3,223204.24
"Beans, dry",Ghana (National),,2013,162000.0,1237.0,200394.0
"Beans, dry",Ghana (National),,2014,165720.0,1213.8,201150.936
"Beans, dry",Ghana (National),,2015,165720.0,1213.8,201150.936
"Beans, dry",Ghana (National),,2016,112910.0,1268.4,143215.044
"Beans, dry",Ghana (National),,2017,129132.0,1320.3,170492.9796
"Beans, dry",Ghana (National),,2018,129783.0,1361.3,176673.5979
"Beans, dry",Ghana (National),,2019,123942.0,1318.8,163454.7096
"Beans, dry",Ghana (National),,2020,127619.0,1327.9,169465.27010000002
"Beans, dry",Ghana (National),,2021,127114.0,1372.8,174502.0992
"Beans, dry",Ghana (National),,2022,126225.0,1335.9,168623.9775
"Beans, dry",Ghana (National),,2023,126986.0,1318.1,167380.24659999998
"Beans, dry",Ghana (National),,2024,126775.0,1310.4,166125.96
"Cashew nuts, in shell",Ghana (National),,2012,75000.0,533.3,39997.5
"Cashew nuts, in shell",Ghana (National),,2013,79000.0,531.6,41996.4
"Cashew nuts, in shell",Ghana (National),,2014,85000.0,588.2,49997.00000000001
"Cashew nuts, in shell",Ghana (National),,2015,85000.0,588.2,49997.00000000001
"Cashew nuts, in shell",Ghana (National),,2016,142275.0,550.1,78265.4775
"Cashew nuts, in shell",Ghana (National),,2017,167329.0,537.9,90006.26909999999
"Cashew nuts, in shell",Ghana (National),,2018,192458.0,532.7,102522.3766
"Cashew nuts, in shell",Ghana (National),,2019,161400.0,532.6,85961.64
"Cashew nuts, in shell",Ghana (National),,2020,240230.0,533.0,128042.59
"Cashew nuts, in shell",Ghana (National),,2021,296259.0,533.6,158083.80240000002
"Cashew nuts, in shell",Ghana (National),,2022,374511.0,534.0,199988.874
"Cashew nuts, in shell",Ghana (National),,2023,374129.0,534.6,200009.3634
"Cashew nuts, in shell",Ghana (National),,2024,408433.0,535.2,218593.3416
Cassava,ASHANTI,,2011,121540.513605,15636.3,1900443.79606
Cassava,BRONG AHAFO,,2011,184903.0,15593.87,2883352.5700000003
Cassava,CENTRAL ,,2011,122274.86,16168.05,1976946.196
Cassava,EASTERN ,,2011,186165.0,20724.35,3858148.75
Cassava,GREATER ACCRA,,2011,6741.5,10659.79,71863.0
Cassava,NORTHERN,,2011,89320.0,14928.42,1333406.4
Cassava,VOLTA,,2011,105169.0,15784.18,1660006.6391999996
Cassava,WESTERN,,2011,73250.0,7600.0,556700.0
Cassava,Western, Amenfi East,2011,5300.0,8100.0,42930.0
Cassava,Western,Amenfi  West (Wassa Amenfi),2011,3500.0,9400.0,32900.0
Cassava,Western,Aowin -Suaman,2011,11300.0,7950.0,89835.0
Cassava,Western,Bia,2011,3650.0,8000.0,29200.0
Cassava,Western,Bibiani-Anhwiaso-Bekwai,2011,7300.0,10010.0,73073.0
Cassava,Western,East Nzema,2011,5850.0,9400.0,54990.0
Cassava,Western,Jomoro,2011,4700.0,9700.0,45590.0
Cassava,Western,Juabeso,2011,5800.0,,
Cassava,Western,Mporhor Wassa East,2011,5750.0,10600.0,60950.0
Cassava,Western,Sefwi-Wiaso,2011,9700.0,10600.0,102820.0
Cassava,Western,Shama Ahanta East,2011,2400.0,7600.0,18240.0
Cassava,Western,Wassa West,2011,4000.0,8600.0,34400.0
Cassava,Western,West Ahanta,2011,4000.0,9200.0,36800.0
"Cassava, fresh",Ghana (National),,2012,868550.0,16748.9,14547257.095000004
"Cassava, fresh",Ghana (National),,2013,875185.0,18270.4,15989980.024000002
"Cassava, fresh",Ghana (National),,2014,888847.0,20023.9,17798183.4433
"Cassava, fresh",Ghana (National),,2015,916544.0,18780.1,17212787.9744
"Cassava, fresh",Ghana (National),,2016,938725.0,18960.0,17798226.0
"Cassava, fresh",Ghana (National),,2017,917000.0,20729.3,19008768.1
"Cassava, fresh",Ghana (National),,2018,977000.0,21336.7,20845955.9
"Cassava, fresh",Ghana (National),,2019,1021000.0,22282.1,22750024.1
"Cassava, fresh",Ghana (National),,2020,1061000.0,22967.0,24367987.0
"Cassava, fresh",Ghana (National),,2021,1051000.0,23784.0,24996984.0
"Cassava, fresh",Ghana (National),,2022,1048809.0,24416.2,25607930.3058
"Cassava, fresh",Ghana (National),,2023,1060877.0,25071.9,26598202.056300003
"Cassava, fresh",Ghana (National),,2024,1079366.0,25865.0,27917801.59
"Chillies and peppers, dry (Capsicum spp., Pimenta spp.), raw",Ghana (National),,2012,14000.0,7142.9,100000.6
"Chillies and peppers, dry (Capsicum spp., Pimenta spp.), raw",Ghana (National),,2013,13980.0,7353.5,102801.93
"Chillies and peppers, dry (Capsicum spp., Pimenta spp.), raw",Ghana (National),,2014,14181.0,7575.5,107428.1655
"Chillies and peppers, dry (Capsicum spp., Pimenta spp.), raw",Ghana (National),,2015,14910.0,7408.1,110454.771
"Chillies and peppers, dry (Capsicum spp., Pimenta spp.), raw",Ghana (National),,2016,14357.0,7445.5,106895.0435
"Chillies and peppers, dry (Capsicum spp., Pimenta spp.), raw",Ghana (National),,2017,14442.0,7468.2,107855.7444
"Chillies and peppers, dry (Capsicum spp., Pimenta spp.), raw",Ghana (National),,2018,14572.0,7477.1,108956.3012
"Chillies and peppers, dry (Capsicum spp., Pimenta spp.), raw",Ghana (National),,2019,14723.0,7492.4,110310.6052
"Chillies and peppers, dry (Capsicum spp., Pimenta spp.), raw",Ghana (National),,2020,14900.0,7509.7,111894.53
"Chillies and peppers, dry (Capsicum spp., Pimenta spp.), raw",Ghana (National),,2021,14769.0,7474.2,110386.4598
"Chillies and peppers, dry (Capsicum spp., Pimenta spp.), raw",Ghana (National),,2022,14834.0,7473.8,110866.3492
"Chillies and peppers, dry (Capsicum spp., Pimenta spp.), raw",Ghana (National),,2023,14890.0,7457.7,111045.153
"Chillies and peppers, dry (Capsicum spp., Pimenta spp.), raw",Ghana (National),,2024,14945.0,7411.4,110763.373
"Chillies and peppers, green (Capsicum spp. and Pimenta spp.)",Ghana (National),,2012,13700.0,8029.2,110000.04
"Chillies and peppers, green (Capsicum spp. and Pimenta spp.)",Ghana (National),,2013,14110.0,8270.0,116689.7
"Chillies and peppers, green (Capsicum spp. and Pimenta spp.)",Ghana (National),,2014,14400.0,8500.0,122400.0
"Chillies and peppers, green (Capsicum spp. and Pimenta spp.)",Ghana (National),,2015,14400.0,8500.0,122400.0
"Chillies and peppers, green (Capsicum spp. and Pimenta spp.)",Ghana (National),,2016,14400.0,8500.0,122400.0
"Chillies and peppers, green (Capsicum spp. and Pimenta spp.)",Ghana (National),,2017,14400.0,8179.1,117779.04
"Chillies and peppers, green (Capsicum spp. and Pimenta spp.)",Ghana (National),,2018,14262.0,8397.7,119767.9974
"Chillies and peppers, green (Capsicum spp. and Pimenta spp.)",Ghana (National),,2019,14132.0,8675.1,122596.5132
"Chillies and peppers, green (Capsicum spp. and Pimenta spp.)",Ghana (National),,2020,14300.0,8840.5,126419.15
"Chillies and peppers, green (Capsicum spp. and Pimenta spp.)",Ghana (National),,2021,14456.0,8503.6,122928.0416
"Chillies and peppers, green (Capsicum spp. and Pimenta spp.)",Ghana (National),,2022,14678.0,8446.6,123979.1948
"Chillies and peppers, green (Capsicum spp. and Pimenta spp.)",Ghana (National),,2023,14705.0,8462.6,124442.533
"Chillies and peppers, green (Capsicum spp. and Pimenta spp.)",Ghana (National),,2024,14731.0,8402.8,123781.6468
Cocoa beans,Ghana (National),,2012,1600300.0,549.5,879364.85
Cocoa beans,Ghana (National),,2013,1600300.0,522.1,835516.63
Cocoa beans,Ghana (National),,2014,1683765.0,510.0,858720.15
Cocoa beans,Ghana (National),,2015,1683765.0,510.0,858720.15
Cocoa beans,Ghana (National),,2016,1683765.0,510.0,858720.15
Cocoa beans,Ghana (National),,2017,1863830.0,520.1,969377.983
Cocoa beans,Ghana (National),,2018,1726616.0,524.0,904746.784
Cocoa beans,Ghana (National),,2019,1536624.0,528.2,811644.7968000001
Cocoa beans,Ghana (National),,2020,1486060.0,538.3,799946.0979999999
Cocoa beans,Ghana (National),,2021,1904331.0,550.0,1047382.05
Cocoa beans,Ghana (National),,2022,1218838.0,560.6,683280.5828000001
Cocoa beans,Ghana (National),,2023,1150057.0,568.4,653692.3988
Cocoa beans,Ghana (National),,2024,919824.0,576.2,530002.5888
"Coconuts, in shell",Ghana (National),,2012,64291.0,5366.2,344998.3642
"Coconuts, in shell",Ghana (National),,2013,67747.0,5405.1,366179.3097
"Coconuts, in shell",Ghana (National),,2014,70480.0,5397.0,380380.56
"Coconuts, in shell",Ghana (National),,2015,71056.0,5353.2,380376.9792
"Coconuts, in shell",Ghana (National),,2016,71553.0,6372.9,456000.1137
"Coconuts, in shell",Ghana (National),,2017,87335.0,5276.2,460796.927
"Coconuts, in shell",Ghana (National),,2018,83742.0,5660.3,474004.8426
"Coconuts, in shell",Ghana (National),,2019,80438.0,6027.0,484799.826
"Coconuts, in shell",Ghana (National),,2020,77000.0,6420.8,494401.6
"Coconuts, in shell",Ghana (National),,2021,77000.0,6415.6,494001.2
"Coconuts, in shell",Ghana (National),,2022,78000.0,6479.5,505401.0
"Coconuts, in shell",Ghana (National),,2023,77000.0,6906.2,531777.4
"Coconuts, in shell",Ghana (National),,2024,76051.0,7163.3,544776.1283000001
Cocoyam,ASHANTI,,2011,64108.8,6012.24,385437.332
Cocoyam,BRONG AHAFO,,2011,49214.0,6743.46,331872.49999999994
Cocoyam,CENTRAL ,,2011,15944.0,5917.42,94347.41
Cocoyam,EASTERN ,,2011,31017.77,8170.84,253441.22499999995
Cocoyam,NORTHERN,,2011,,,0.0
Cocoyam,VOLTA,,2011,6268.1,7861.65,49277.597400000006
Cocoyam,WESTERN,,2011,37810.0,4900.0,185269.0
Cocoyam,Western, Amenfi East,2011,1200.0,5820.0,6984.0
Cocoyam,Western,Amenfi  West (Wassa Amenfi),2011,950.0,4800.0,4560.0
Cocoyam,Western,Aowin -Suaman,2011,5100.0,4800.0,24480.0
Cocoyam,Western,Bia,2011,5700.0,6700.0,38190.0
Cocoyam,Western,Bibiani-Anhwiaso-Bekwai,2011,6500.0,5750.0,37375.0
Cocoyam,Western,East Nzema,2011,100.0,4900.0,490.0
Cocoyam,Western,Jomoro,2011,100.0,3900.0,390.0
Cocoyam,Western,Juabeso,2011,6200.0,,
Cocoyam,Western,Mporhor Wassa East,2011,1600.0,4650.0,7440.0
Cocoyam,Western,Sefwi-Wiaso,2011,9500.0,6800.0,64600.0
Cocoyam,Western,Shama Ahanta East,2011,60.0,4900.0,294.0
Cocoyam,Western,Wassa West,2011,600.0,4750.0,2850.0
Cocoyam,Western,West Ahanta,2011,200.0,4800.0,960.0
"Coffee, green",Ghana (National),,2012,400.0,1500.0,600.0
"Coffee, green",Ghana (National),,2013,450.0,1551.1,697.995
"Coffee, green",Ghana (National),,2014,460.0,1600.0,736.0
"Coffee, green",Ghana (National),,2015,460.0,1600.0,736.0
"Coffee, green",Ghana (National),,2016,460.0,1600.0,736.0
"Coffee, green",Ghana (National),,2017,460.0,1600.0,736.0
"Coffee, green",Ghana (National),,2018,460.0,1600.0,736.0
"Coffee, green",Ghana (National),,2019,460.0,1600.0,736.0
"Coffee, green",Ghana (National),,2020,460.0,1600.0,736.0
"Coffee, green",Ghana (National),,2021,460.0,1600.0,736.0
"Coffee, green",Ghana (National),,2022,460.0,1600.0,736.0
"Coffee, green",Ghana (National),,2023,460.0,1600.0,736.0
"Coffee, green",Ghana (National),,2024,460.0,1600.0,736.0
"Cow peas, dry",Ghana (National),,2012,168800.0,1322.6,223254.88
"Cow peas, dry",Ghana (National),,2013,162000.0,1237.0,200394.0
"Cow peas, dry",Ghana (National),,2014,165830.0,1213.7,201267.871
"Cow peas, dry",Ghana (National),,2015,162650.0,1250.0,203312.5
"Cow peas, dry",Ghana (National),,2016,146660.0,1407.2,206379.952
"Cow peas, dry",Ghana (National),,2017,153910.0,1374.0,211472.34
"Cow peas, dry",Ghana (National),,2018,157000.0,1509.6,237007.2
"Cow peas, dry",Ghana (National),,2019,169000.0,1503.0,254007.0
"Cow peas, dry",Ghana (National),,2020,169000.0,1520.7,256998.3
"Cow peas, dry",Ghana (National),,2021,180000.0,1666.7,300006.0
"Cow peas, dry",Ghana (National),,2022,192573.0,1662.0,320056.326
"Cow peas, dry",Ghana (National),,2023,185376.0,1660.0,307724.16
"Cow peas, dry",Ghana (National),,2024,191625.0,1691.3,324095.3625
Cowpea,ASHANTI,,2011,8212.575,290.64,2386.92
Cowpea,BRONG AHAFO,,2011,7690.0,946.73,7280.349999999999
Cowpea,EASTERN ,,2011,,,0.0
Cowpea,NORTHERN,,2011,62544.0,1994.12,124720.47800000002
Cowpea,UPPER EAST,,2011,25880.0,614.76,15910.000000000002
Cowpea,UPPER WEST,,2011,75955.5,1119.03,84996.3
Cowpea,VOLTA,,2011,1973.2,701.68,1384.5480000000002
Cowpea,WESTERN,,2011,,,0.0
Cucumbers and gherkins,Ghana (National),,2012,10.0,12000.0,120.0
Cucumbers and gherkins,Ghana (National),,2013,10.0,12635.5,126.355
Cucumbers and gherkins,Ghana (National),,2014,10.0,13000.0,130.0
Cucumbers and gherkins,Ghana (National),,2015,10.0,13351.4,133.514
Cucumbers and gherkins,Ghana (National),,2016,10.0,12877.5,128.775
Cucumbers and gherkins,Ghana (National),,2017,10.0,13255.4,132.554
Cucumbers and gherkins,Ghana (National),,2018,10.0,12813.7,128.137
Cucumbers and gherkins,Ghana (National),,2019,10.0,13236.0,132.36
Cucumbers and gherkins,Ghana (National),,2020,9.0,13579.1,122.2119
Cucumbers and gherkins,Ghana (National),,2021,9.0,13907.2,125.1648
Cucumbers and gherkins,Ghana (National),,2022,10.0,13788.7,137.887
Cucumbers and gherkins,Ghana (National),,2023,9.0,14210.4,127.8936
Cucumbers and gherkins,Ghana (National),,2024,9.0,14381.0,129.429
"Edible roots and tubers with high starch or inulin content, n.e.c., fresh",Ghana (National),,2012,32.0,5312.5,170.0
"Edible roots and tubers with high starch or inulin content, n.e.c., fresh",Ghana (National),,2013,32.0,5312.5,170.0
"Edible roots and tubers with high starch or inulin content, n.e.c., fresh",Ghana (National),,2014,32.0,5305.7,169.7824
"Edible roots and tubers with high starch or inulin content, n.e.c., fresh",Ghana (National),,2015,34.0,5328.7,181.1758
"Edible roots and tubers with high starch or inulin content, n.e.c., fresh",Ghana (National),,2016,33.0,5315.8,175.4214
"Edible roots and tubers with high starch or inulin content, n.e.c., fresh",Ghana (National),,2017,33.0,5329.8,175.8834
"Edible roots and tubers with high starch or inulin content, n.e.c., fresh",Ghana (National),,2018,33.0,5354.9,176.71169999999998
"Edible roots and tubers with high starch or inulin content, n.e.c., fresh",Ghana (National),,2019,34.0,5108.8,173.69920000000002
"Edible roots and tubers with high starch or inulin content, n.e.c., fresh",Ghana (National),,2020,35.0,5139.9,179.8965
"Edible roots and tubers with high starch or inulin content, n.e.c., fresh",Ghana (National),,2021,34.0,5199.6,176.7864
"Edible roots and tubers with high starch or inulin content, n.e.c., fresh",Ghana (National),,2022,34.0,5149.3,175.0762
"Edible roots and tubers with high starch or inulin content, n.e.c., fresh",Ghana (National),,2023,34.0,5162.8,175.5352
"Edible roots and tubers with high starch or inulin content, n.e.c., fresh",Ghana (National),,2024,34.0,5170.5,175.797
Eggplants (aubergines),Ghana (National),,2012,6000.0,7666.7,46000.2
Eggplants (aubergines),Ghana (National),,2013,6200.0,7900.0,48980.0
Eggplants (aubergines),Ghana (National),,2014,6330.0,8100.0,51273.0
Eggplants (aubergines),Ghana (National),,2015,6330.0,8100.0,51273.0
Eggplants (aubergines),Ghana (National),,2016,6330.0,8100.0,51273.0
Eggplants (aubergines),Ghana (National),,2017,6328.0,8116.0,51358.048
Eggplants (aubergines),Ghana (National),,2018,6321.0,8130.3,51391.6263
Eggplants (aubergines),Ghana (National),,2019,6310.0,8149.3,51422.083
Eggplants (aubergines),Ghana (National),,2020,6294.0,8170.6,51425.756400000006
Eggplants (aubergines),Ghana (National),,2021,6410.0,8379.7,53713.87700000001
Eggplants (aubergines),Ghana (National),,2022,6409.0,8369.4,53639.4846
Eggplants (aubergines),Ghana (National),,2023,6431.0,8229.4,52923.2714
Eggplants (aubergines),Ghana (National),,2024,6461.0,8268.7,53424.0707
"Ginger, raw",Ghana (National),,2012,77.0,1166.3,89.8051
"Ginger, raw",Ghana (National),,2013,79.0,1136.2,89.7598
"Ginger, raw",Ghana (National),,2014,79.0,1157.8,91.4662
"Ginger, raw",Ghana (National),,2015,80.0,1180.7,94.456
"Ginger, raw",Ghana (National),,2016,81.0,1186.1,96.0741
"Ginger, raw",Ghana (National),,2017,83.0,1128.4,93.65720000000002
"Ginger, raw",Ghana (National),,2018,84.0,1151.0,96.684
"Ginger, raw",Ghana (National),,2019,86.0,1109.9,95.4514
"Ginger, raw",Ghana (National),,2020,85.0,1163.3,98.8805
"Ginger, raw",Ghana (National),,2021,85.0,1141.2,97.002
"Ginger, raw",Ghana (National),,2022,85.0,1138.0,96.73
"Ginger, raw",Ghana (National),,2023,85.0,1147.4,97.529
"Ginger, raw",Ghana (National),,2024,85.0,1142.2,97.087
Groundnuts,ASHANTI,,2011,6261.599999999999,1300.44,8142.827999999999
Groundnuts,BRONG AHAFO,,2011,11722.0,1168.27,13694.51
Groundnuts,EASTERN ,,2011,,,0.0
Groundnuts,GREATER ACCRA,,2011,,,0.0
Groundnuts,NORTHERN,,2011,130351.5,1722.09,224476.39
Groundnuts,UPPER EAST,,2011,75840.0,745.31,56524.00000000001
Groundnuts,UPPER WEST,,2011,132605.2,1223.67,162264.78
Groundnuts,VOLTA,,2011,,,0.0
Groundnuts,WESTERN,,2011,,,0.0
"Groundnuts, excluding shelled",Ghana (National),,2012,345186.0,1376.2,475044.9732
"Groundnuts, excluding shelled",Ghana (National),,2013,328940.0,1242.8,408806.632
"Groundnuts, excluding shelled",Ghana (National),,2014,334000.0,1276.3,426284.2
"Groundnuts, excluding shelled",Ghana (National),,2015,336450.0,1240.0,417198.0
"Groundnuts, excluding shelled",Ghana (National),,2016,336450.0,1265.6,425811.12
"Groundnuts, excluding shelled",Ghana (National),,2017,338000.0,1283.3,433755.4
"Groundnuts, excluding shelled",Ghana (National),,2018,320000.0,1628.2,521024.0
"Groundnuts, excluding shelled",Ghana (National),,2019,337000.0,1670.6,562992.2
"Groundnuts, excluding shelled",Ghana (National),,2020,337000.0,1676.6,565014.2
"Groundnuts, excluding shelled",Ghana (National),,2021,273000.0,1838.8,501992.4
"Groundnuts, excluding shelled",Ghana (National),,2022,370000.0,1651.4,611018.0
"Groundnuts, excluding shelled",Ghana (National),,2023,370000.0,1718.9,635993.0
"Groundnuts, excluding shelled",Ghana (National),,2024,370000.0,1689.2,625004.0
Karite nuts (sheanuts),Ghana (National),,2012,30500.0,1092.1,33309.05
Karite nuts (sheanuts),Ghana (National),,2013,30500.0,1102.6,33629.3
Karite nuts (sheanuts),Ghana (National),,2014,31000.0,1106.5,34301.5
Karite nuts (sheanuts),Ghana (National),,2015,31470.0,1089.9,34299.153
Karite nuts (sheanuts),Ghana (National),,2016,33057.0,1037.6,34299.943199999994
Karite nuts (sheanuts),Ghana (National),,2017,31842.0,1060.9,33781.177800000005
Karite nuts (sheanuts),Ghana (National),,2018,31594.0,1058.5,33442.249
Karite nuts (sheanuts),Ghana (National),,2019,31572.0,1052.8,33239.0016
Karite nuts (sheanuts),Ghana (National),,2020,31922.0,1045.9,33387.219800000006
Karite nuts (sheanuts),Ghana (National),,2021,33028.0,1041.5,34398.662
Karite nuts (sheanuts),Ghana (National),,2022,33256.0,1040.4,34599.542400000006
Karite nuts (sheanuts),Ghana (National),,2023,32735.0,1062.0,34764.57
Karite nuts (sheanuts),Ghana (National),,2024,33006.0,1058.2,34926.9492
Kola nuts,Ghana (National),,2012,86015.0,280.8,24153.012
Kola nuts,Ghana (National),,2013,82132.0,280.8,23062.6656
Kola nuts,Ghana (National),,2014,80572.0,282.3,22745.4756
Kola nuts,Ghana (National),,2015,85367.0,282.2,24090.5674
Kola nuts,Ghana (National),,2016,82690.0,281.8,23302.042
Kola nuts,Ghana (National),,2017,83507.0,282.7,23607.4289
Kola nuts,Ghana (National),,2018,84835.0,283.4,24042.239
Kola nuts,Ghana (National),,2019,85975.0,284.1,24425.497500000005
Kola nuts,Ghana (National),,2020,86934.0,284.4,24724.0296
Kola nuts,Ghana (National),,2021,88191.0,284.4,25081.5204
Kola nuts,Ghana (National),,2022,88115.0,284.1,25033.471500000003
Kola nuts,Ghana (National),,2023,87747.0,284.3,24946.472100000003
Kola nuts,Ghana (National),,2024,88018.0,284.3,25023.5174
Lemons and limes,Ghana (National),,2012,7000.0,6571.4,45999.8
Lemons and limes,Ghana (National),,2013,7174.0,6460.4,46346.90959999999
Lemons and limes,Ghana (National),,2014,7200.0,6458.3,46499.76
Lemons and limes,Ghana (National),,2015,7175.0,6505.3,46675.5275
Lemons and limes,Ghana (National),,2016,7145.0,6557.4,46852.623
Lemons and limes,Ghana (National),,2017,7124.0,6601.5,47029.086
Lemons and limes,Ghana (National),,2018,7118.0,6632.7,47211.5586
Lemons and limes,Ghana (National),,2019,7119.0,6657.8,47396.87820000001
Lemons and limes,Ghana (National),,2020,7125.0,6677.9,47580.0375
Lemons and limes,Ghana (National),,2021,7172.0,6710.0,48124.12
Lemons and limes,Ghana (National),,2022,7176.0,6742.4,48383.4624
Lemons and limes,Ghana (National),,2023,7184.0,6771.9,48649.3296
Lemons and limes,Ghana (National),,2024,7191.0,6801.3,48908.14830000001
Maize,ASHANTI,,2011,153936.37550000005,1128.61,173734.52019999997
Maize,BRONG AHAFO,,2011,236651.0,1837.05,434740.50000000006
Maize,CENTRAL ,,2011,104600.51,1934.62,202361.98340000003
Maize,EASTERN ,,2011,174573.2,2086.03,364165.6
Maize,GREATER ACCRA,,2011,3930.69,1134.98,4461.252
Maize,NORTHERN,,2011,134722.6216,1429.63,192604.11347200003
Maize,UPPER EAST,,2011,43370.0,1735.6,75273.1
Maize,UPPER WEST,,2011,67350.0,1227.19,82651.0
Maize,VOLTA,,2011,53923.0,1814.76,97857.329
Maize,WESTERN,,2011,50120.0,1120.0,56134.40000000001
Maize,Western, Amenfi East,2011,4600.0,1380.0,6348.0
Maize,Western,Amenfi  West (Wassa Amenfi),2011,4400.0,1400.0,6160.0
Maize,Western,Aowin -Suaman,2011,7900.0,1460.0,11534.0
Maize,Western,Bia,2011,5000.0,1600.0,8000.0
Maize,Western,Bibiani-Anhwiaso-Bekwai,2011,4700.0,1420.0,6674.0
Maize,Western,East Nzema,2011,1620.0,1330.0,2154.6
Maize,Western,Jomoro,2011,900.0,1300.0,1170.0
Maize,Western,Juabeso,2011,7100.0,,
Maize,Western,Mporhor Wassa East,2011,2100.0,1320.0,2772.0
Maize,Western,Sefwi-Wiaso,2011,7150.0,1460.0,10439.0
Maize,Western,Shama Ahanta East,2011,1000.0,1120.0,1120.0
Maize,Western,Wassa West,2011,2200.0,1180.0,2596.0
Maize,Western,West Ahanta,2011,1450.0,1150.0,1667.5
Maize (corn),Ghana (National),,2012,1042083.0,1871.2,1949945.7096
Maize (corn),Ghana (National),,2013,1023459.0,1724.0,1764443.316
Maize (corn),Ghana (National),,2014,1019000.0,1729.1,1761952.9
Maize (corn),Ghana (National),,2015,880250.0,1921.8,1691664.45
Maize (corn),Ghana (National),,2016,883031.0,1950.0,1721910.45
Maize (corn),Ghana (National),,2017,1000000.0,2011.2,2011200.0
Maize (corn),Ghana (National),,2018,1021000.0,2258.9,2306336.9
Maize (corn),Ghana (National),,2019,1150000.0,2531.3,2910995.0
Maize (corn),Ghana (National),,2020,1189000.0,2582.8,3070949.2
Maize (corn),Ghana (National),,2021,1266000.0,2530.0,3202980.0
Maize (corn),Ghana (National),,2022,1300000.0,2504.4,3255720.0
Maize (corn),Ghana (National),,2023,1300000.0,2753.1,3579030.0
Maize (corn),Ghana (National),,2024,1368623.0,2772.1,3793959.8183
"Mangoes, guavas and mangosteens",Ghana (National),,2012,7200.0,12500.0,90000.0
"Mangoes, guavas and mangosteens",Ghana (National),,2013,7400.0,12900.0,95460.0
"Mangoes, guavas and mangosteens",Ghana (National),,2014,7550.0,13160.0,99358.0
"Mangoes, guavas and mangosteens",Ghana (National),,2015,7550.0,13160.0,99358.0
"Mangoes, guavas and mangosteens",Ghana (National),,2016,7550.0,13160.0,99358.0
"Mangoes, guavas and mangosteens",Ghana (National),,2017,7342.0,13530.7,99342.3994
"Mangoes, guavas and mangosteens",Ghana (National),,2018,7124.0,13902.8,99043.5472
"Mangoes, guavas and mangosteens",Ghana (National),,2019,7339.0,13435.2,98600.9328
"Mangoes, guavas and mangosteens",Ghana (National),,2020,7085.0,13845.4,98094.659
"Mangoes, guavas and mangosteens",Ghana (National),,2021,7088.0,14373.4,101878.6592
"Mangoes, guavas and mangosteens",Ghana (National),,2022,7171.0,14163.0,101562.873
"Mangoes, guavas and mangosteens",Ghana (National),,2023,7115.0,14365.6,102211.244
"Mangoes, guavas and mangosteens",Ghana (National),,2024,7124.0,14438.8,102862.0112
Millet,ASHANTI,,2011,,,0.0
Millet,CENTRAL ,,2011,,,0.0
Millet,EASTERN ,,2011,,,0.0
Millet,GREATER ACCRA,,2011,,,0.0
Millet,Ghana (National),,2012,172470.0,1041.8,179679.246
Millet,Ghana (National),,2013,160737.0,965.1,155127.27870000002
Millet,Ghana (National),,2014,162000.0,956.8,155001.6
Millet,Ghana (National),,2015,162236.0,970.0,157368.92
Millet,Ghana (National),,2016,162263.0,980.0,159017.74
Millet,Ghana (National),,2017,153714.0,1063.6,163490.21039999998
Millet,Ghana (National),,2018,142000.0,1278.6,181561.2
Millet,Ghana (National),,2019,148000.0,1554.1,230006.8
Millet,Ghana (National),,2020,139000.0,1697.8,235994.2
Millet,Ghana (National),,2021,125000.0,1504.0,188000.0
Millet,Ghana (National),,2022,138927.0,1413.0,196303.851
Millet,Ghana (National),,2023,163137.0,1495.7,244004.0109
Millet,Ghana (National),,2024,135281.0,1552.3,209996.6963
Millet,NORTHERN,,2011,54670.0,1446.39,79074.2
Millet,UPPER EAST,,2011,60100.0,840.62,50521.100000000006
Millet,UPPER WEST,,2011,63906.38095238095,850.1,54326.65175983436
Millet,VOLTA,,2011,,,0.0
Millet,WESTERN,,2011,,,0.0
Natural rubber in primary forms,Ghana (National),,2012,26000.0,776.9,20199.4
Natural rubber in primary forms,Ghana (National),,2013,26800.0,800.0,21440.0
Natural rubber in primary forms,Ghana (National),,2014,27350.0,820.0,22427.0
Natural rubber in primary forms,Ghana (National),,2015,27350.0,820.0,22427.0
Natural rubber in primary forms,Ghana (National),,2016,27350.0,820.0,22427.0
Natural rubber in primary forms,Ghana (National),,2017,44789.0,826.1,37000.1929
Natural rubber in primary forms,Ghana (National),,2018,49558.0,833.4,41301.6372
Natural rubber in primary forms,Ghana (National),,2019,50138.0,841.7,42201.1546
Natural rubber in primary forms,Ghana (National),,2020,80742.0,854.6,69002.1132
Natural rubber in primary forms,Ghana (National),,2021,97286.0,873.7,84998.7782
Natural rubber in primary forms,Ghana (National),,2022,132800.0,881.0,116996.8
Natural rubber in primary forms,Ghana (National),,2023,141893.0,890.8,126398.2844
Natural rubber in primary forms,Ghana (National),,2024,151565.0,900.6,136499.439
Oats,Ghana (National),,2012,50.0,900.0,45.0
Oats,Ghana (National),,2013,50.0,900.0,45.0
Oats,Ghana (National),,2014,45.0,888.9,40.0005
Oats,Ghana (National),,2015,42.0,886.0,37.212
Oats,Ghana (National),,2016,46.0,892.0,41.032
Oats,Ghana (National),,2017,44.0,889.0,39.116
Oats,Ghana (National),,2018,44.0,899.4,39.5736
Oats,Ghana (National),,2019,44.0,907.1,39.9124
Oats,Ghana (National),,2020,44.0,911.3,40.0972
Oats,Ghana (National),,2021,44.0,877.9,38.6276
Oats,Ghana (National),,2022,44.0,859.2,37.8048
Oats,Ghana (National),,2023,44.0,882.8,38.8432
Oats,Ghana (National),,2024,44.0,873.3,38.4252
Oil palm fruit,Ghana (National),,2012,387000.0,5674.7,2196108.9
Oil palm fruit,Ghana (National),,2013,318760.0,7299.9,2326916.124
Oil palm fruit,Ghana (National),,2014,349040.0,7000.0,2443280.0
Oil palm fruit,Ghana (National),,2015,349040.0,6999.2,2443000.768
Oil palm fruit,Ghana (National),,2016,349040.0,6999.2,2443000.768
Oil palm fruit,Ghana (National),,2017,361082.0,6883.6,2485544.0552000003
Oil palm fruit,Ghana (National),,2018,366728.0,6936.6,2543845.4448
Oil palm fruit,Ghana (National),,2019,372777.0,6990.3,2605823.0631
Oil palm fruit,Ghana (National),,2020,386503.0,7005.2,2707530.8156
Oil palm fruit,Ghana (National),,2021,394698.0,7093.4,2799750.7932
Oil palm fruit,Ghana (National),,2022,401916.0,7215.4,2899984.7064
Oil palm fruit,Ghana (National),,2023,425263.0,7289.6,3099997.1648000004
Oil palm fruit,Ghana (National),,2024,435934.0,7364.4,3210392.3496
Okra,Ghana (National),,2012,3000.0,20000.0,60000.0
Okra,Ghana (National),,2013,3100.0,20600.0,63860.0
Okra,Ghana (National),,2014,3160.0,21000.0,66360.0
Okra,Ghana (National),,2015,3160.0,21000.0,66360.0
Okra,Ghana (National),,2016,3160.0,21000.0,66360.0
Okra,Ghana (National),,2017,3179.0,20893.7,66421.0723
Okra,Ghana (National),,2018,3204.0,20749.2,66480.43680000001
Okra,Ghana (National),,2019,3222.0,20649.4,66532.3668
Okra,Ghana (National),,2020,3224.0,20655.3,66592.6872
Okra,Ghana (National),,2021,3093.0,21518.8,66557.6484
Okra,Ghana (National),,2022,3100.0,21583.7,66909.47
Okra,Ghana (National),,2023,3085.0,21729.6,67035.81599999999
Okra,Ghana (National),,2024,3069.0,21875.4,67135.60260000001
"Onions and shallots, dry (excluding dehydrated)",Ghana (National),,2012,8000.0,16250.0,130000.0
"Onions and shallots, dry (excluding dehydrated)",Ghana (National),,2013,8250.0,16750.1,138188.325
"Onions and shallots, dry (excluding dehydrated)",Ghana (National),,2014,8420.0,17100.0,143982.0
"Onions and shallots, dry (excluding dehydrated)",Ghana (National),,2015,8420.0,17100.0,143982.0
"Onions and shallots, dry (excluding dehydrated)",Ghana (National),,2016,8420.0,17100.0,143982.0
"Onions and shallots, dry (excluding dehydrated)",Ghana (National),,2017,8295.0,17476.1,144964.2495
"Onions and shallots, dry (excluding dehydrated)",Ghana (National),,2018,8224.0,17756.0,146025.344
"Onions and shallots, dry (excluding dehydrated)",Ghana (National),,2019,8089.0,18221.8,147396.1402
"Onions and shallots, dry (excluding dehydrated)",Ghana (National),,2020,8137.0,18284.7,148782.60390000002
"Onions and shallots, dry (excluding dehydrated)",Ghana (National),,2021,8159.0,18065.5,147396.4145
"Onions and shallots, dry (excluding dehydrated)",Ghana (National),,2022,7970.0,18552.4,147862.628
"Onions and shallots, dry (excluding dehydrated)",Ghana (National),,2023,7903.0,18727.8,148005.8034
"Onions and shallots, dry (excluding dehydrated)",Ghana (National),,2024,8011.0,18444.8,147761.2928
Oranges,Ghana (National),,2012,16500.0,37878.8,625000.2
Oranges,Ghana (National),,2013,17000.0,39010.0,663170.0
Oranges,Ghana (National),,2014,17340.0,39799.9,690130.266
Oranges,Ghana (National),,2015,17340.0,39799.9,690130.266
Oranges,Ghana (National),,2016,17340.0,39799.9,690130.266
Oranges,Ghana (National),,2017,17622.0,39937.4,703776.8628000001
Oranges,Ghana (National),,2018,18264.0,38035.8,694685.8512
Oranges,Ghana (National),,2019,17742.0,39653.9,703539.4938
Oranges,Ghana (National),,2020,17593.0,40772.5,717310.5925
Oranges,Ghana (National),,2021,17866.0,39469.7,705165.6601999999
Oranges,Ghana (National),,2022,17734.0,39962.0,708686.108
Oranges,Ghana (National),,2023,17731.0,40064.7,710387.1956999999
Oranges,Ghana (National),,2024,17777.0,39831.2,708079.2424
"Other beans, green",Ghana (National),,2012,2600.0,10384.6,26999.96
"Other beans, green",Ghana (National),,2013,2600.0,9615.4,25000.04
"Other beans, green",Ghana (National),,2014,2500.0,9586.2,23965.5
"Other beans, green",Ghana (National),,2015,2393.0,10167.3,24330.3489
"Other beans, green",Ghana (National),,2016,2498.0,9899.2,24728.2016
"Other beans, green",Ghana (National),,2017,2464.0,9880.1,24344.566400000003
"Other beans, green",Ghana (National),,2018,2476.0,9902.8,24519.3328
"Other beans, green",Ghana (National),,2019,2498.0,10011.4,25008.4772
"Other beans, green",Ghana (National),,2020,2525.0,10115.7,25542.1425
"Other beans, green",Ghana (National),,2021,2560.0,9773.6,25020.416
"Other beans, green",Ghana (National),,2022,2570.0,9800.2,25186.514000000003
"Other beans, green",Ghana (National),,2023,2578.0,9795.1,25251.7678
"Other beans, green",Ghana (National),,2024,2585.0,9729.7,25151.274500000003
"Other fruits, n.e.c.",Ghana (National),,2012,16000.0,4375.0,70000.0
"Other fruits, n.e.c.",Ghana (National),,2013,15800.0,4272.2,67500.76
"Other fruits, n.e.c.",Ghana (National),,2014,15900.0,4276.7,67999.53
"Other fruits, n.e.c.",Ghana (National),,2015,15695.0,4321.8,67830.651
"Other fruits, n.e.c.",Ghana (National),,2016,15443.0,4387.3,67753.0739
"Other fruits, n.e.c.",Ghana (National),,2017,15184.0,4464.6,67790.48640000001
"Other fruits, n.e.c.",Ghana (National),,2018,14970.0,4531.1,67830.567
"Other fruits, n.e.c.",Ghana (National),,2019,14798.0,4589.6,67916.90080000002
"Other fruits, n.e.c.",Ghana (National),,2020,14674.0,4636.0,68028.664
"Other fruits, n.e.c.",Ghana (National),,2021,14750.0,4652.1,68618.475
"Other fruits, n.e.c.",Ghana (National),,2022,14683.0,4663.8,68478.5754
"Other fruits, n.e.c.",Ghana (National),,2023,14600.0,4697.4,68582.04
"Other fruits, n.e.c.",Ghana (National),,2024,14517.0,4731.0,68679.927
"Other nuts (excluding wild edible nuts and groundnuts), in shell, n.e.c.",Ghana (National),,2012,9282.0,150.3,1395.0846
"Other nuts (excluding wild edible nuts and groundnuts), in shell, n.e.c.",Ghana (National),,2013,9820.0,142.9,1403.278
"Other nuts (excluding wild edible nuts and groundnuts), in shell, n.e.c.",Ghana (National),,2014,9924.0,143.8,1427.0712
"Other nuts (excluding wild edible nuts and groundnuts), in shell, n.e.c.",Ghana (National),,2015,10253.0,147.2,1509.2415999999998
"Other nuts (excluding wild edible nuts and groundnuts), in shell, n.e.c.",Ghana (National),,2016,9999.0,144.7,1446.8552999999995
"Other nuts (excluding wild edible nuts and groundnuts), in shell, n.e.c.",Ghana (National),,2017,9811.0,144.0,1412.784
"Other nuts (excluding wild edible nuts and groundnuts), in shell, n.e.c.",Ghana (National),,2018,9662.0,144.1,1392.2942
"Other nuts (excluding wild edible nuts and groundnuts), in shell, n.e.c.",Ghana (National),,2019,9566.0,144.0,1377.504
"Other nuts (excluding wild edible nuts and groundnuts), in shell, n.e.c.",Ghana (National),,2020,9512.0,144.0,1369.728
"Other nuts (excluding wild edible nuts and groundnuts), in shell, n.e.c.",Ghana (National),,2021,9893.0,144.6,1430.5278
"Other nuts (excluding wild edible nuts and groundnuts), in shell, n.e.c.",Ghana (National),,2022,9813.0,145.7,1429.7541
"Other nuts (excluding wild edible nuts and groundnuts), in shell, n.e.c.",Ghana (National),,2023,9839.0,145.8,1434.5262000000002
"Other nuts (excluding wild edible nuts and groundnuts), in shell, n.e.c.",Ghana (National),,2024,9865.0,145.9,1439.3035
"Other oil seeds, n.e.c.",Ghana (National),,2012,200.0,1125.0,225.0
"Other oil seeds, n.e.c.",Ghana (National),,2013,200.0,1017.2,203.44
"Other oil seeds, n.e.c.",Ghana (National),,2014,200.0,1020.5,204.1
"Other oil seeds, n.e.c.",Ghana (National),,2015,200.0,1041.7,208.34
"Other oil seeds, n.e.c.",Ghana (National),,2016,200.0,1053.3,210.66
"Other oil seeds, n.e.c.",Ghana (National),,2017,200.0,1064.8,212.96
"Other oil seeds, n.e.c.",Ghana (National),,2018,200.0,1098.6,219.72
"Other oil seeds, n.e.c.",Ghana (National),,2019,200.0,1120.4,224.08000000000004
"Other oil seeds, n.e.c.",Ghana (National),,2020,200.0,1140.3,228.06
"Other oil seeds, n.e.c.",Ghana (National),,2021,200.0,1168.5,233.7
"Other oil seeds, n.e.c.",Ghana (National),,2022,198.0,1166.3,230.9274
"Other oil seeds, n.e.c.",Ghana (National),,2023,196.0,1181.4,231.5544
"Other oil seeds, n.e.c.",Ghana (National),,2024,194.0,1196.4,232.1016
Other pulses n.e.c.,Ghana (National),,2012,260000.0,96.2,25012.0
Other pulses n.e.c.,Ghana (National),,2013,260000.0,96.2,25012.0
Other pulses n.e.c.,Ghana (National),,2014,265747.0,94.9,25219.3903
Other pulses n.e.c.,Ghana (National),,2015,275464.0,95.3,26251.7192
Other pulses n.e.c.,Ghana (National),,2016,267070.0,95.5,25505.185
Other pulses n.e.c.,Ghana (National),,2017,270509.0,93.8,25373.7442
Other pulses n.e.c.,Ghana (National),,2018,274083.0,92.8,25434.9024
Other pulses n.e.c.,Ghana (National),,2019,275469.0,92.9,25591.0701
Other pulses n.e.c.,Ghana (National),,2020,276916.0,93.1,25780.8796
Other pulses n.e.c.,Ghana (National),,2021,280309.0,93.3,26152.8297
Other pulses n.e.c.,Ghana (National),,2022,278999.0,93.5,26086.4065
Other pulses n.e.c.,Ghana (National),,2023,280528.0,93.4,26201.315200000005
Other pulses n.e.c.,Ghana (National),,2024,282061.0,93.3,26316.2913
"Other vegetables, fresh n.e.c.",Ghana (National),,2012,1150.0,10000.0,11500.0
"Other vegetables, fresh n.e.c.",Ghana (National),,2013,1215.0,9193.1,11169.6165
"Other vegetables, fresh n.e.c.",Ghana (National),,2014,1200.0,9287.9,11145.48
"Other vegetables, fresh n.e.c.",Ghana (National),,2015,1168.0,9540.7,11143.5376
"Other vegetables, fresh n.e.c.",Ghana (National),,2016,1157.0,9634.5,11147.1165
"Other vegetables, fresh n.e.c.",Ghana (National),,2017,1152.0,9701.3,11175.8976
"Other vegetables, fresh n.e.c.",Ghana (National),,2018,1148.0,9763.4,11208.383199999998
"Other vegetables, fresh n.e.c.",Ghana (National),,2019,1141.0,9857.6,11247.5216
"Other vegetables, fresh n.e.c.",Ghana (National),,2020,1135.0,9935.3,11276.5655
"Other vegetables, fresh n.e.c.",Ghana (National),,2021,1100.0,10062.1,11068.31
"Other vegetables, fresh n.e.c.",Ghana (National),,2022,1125.0,9807.3,11033.2125
"Other vegetables, fresh n.e.c.",Ghana (National),,2023,1120.0,9823.7,11002.544
"Other vegetables, fresh n.e.c.",Ghana (National),,2024,1115.0,9837.5,10968.8125
Papayas,Ghana (National),,2012,1500.0,3333.3,4999.95
Papayas,Ghana (National),,2013,1550.0,3450.3,5347.965
Papayas,Ghana (National),,2014,1580.0,3519.6,5560.968
Papayas,Ghana (National),,2015,1580.0,3519.6,5560.968
Papayas,Ghana (National),,2016,1580.0,3519.6,5560.968
Papayas,Ghana (National),,2017,1658.0,3463.6,5742.6488
Papayas,Ghana (National),,2018,1606.0,3500.4,5621.642400000001
Papayas,Ghana (National),,2019,1647.0,3500.2,5764.8294
Papayas,Ghana (National),,2020,1692.0,3482.0,5891.544
Papayas,Ghana (National),,2021,1648.0,3494.0,5758.112
Papayas,Ghana (National),,2022,1662.0,3492.0,5803.704
Papayas,Ghana (National),,2023,1668.0,3489.3,5820.1524
Papayas,Ghana (National),,2024,1659.0,3491.7,5792.7303
"Pepper (Piper spp.), raw",Ghana (National),,2012,5000.0,700.0,3500.0
"Pepper (Piper spp.), raw",Ghana (National),,2013,5270.0,676.5,3565.155
"Pepper (Piper spp.), raw",Ghana (National),,2014,5360.0,676.4,3625.504
"Pepper (Piper spp.), raw",Ghana (National),,2015,5627.0,685.6,3857.8712
"Pepper (Piper spp.), raw",Ghana (National),,2016,5419.0,679.6,3682.7524
"Pepper (Piper spp.), raw",Ghana (National),,2017,5451.0,683.9,3727.9389
"Pepper (Piper spp.), raw",Ghana (National),,2018,5458.0,687.5,3752.375
"Pepper (Piper spp.), raw",Ghana (National),,2019,5509.0,687.6,3787.9884
"Pepper (Piper spp.), raw",Ghana (National),,2020,5573.0,687.6,3831.9948
"Pepper (Piper spp.), raw",Ghana (National),,2021,5513.0,687.5,3790.1875
"Pepper (Piper spp.), raw",Ghana (National),,2022,5532.0,687.6,3803.8032
"Pepper (Piper spp.), raw",Ghana (National),,2023,5539.0,687.6,3808.6164
"Pepper (Piper spp.), raw",Ghana (National),,2024,5528.0,687.6,3801.0528
Pineapples,Ghana (National),,2012,10000.0,60000.0,600000.0
Pineapples,Ghana (National),,2013,10300.0,61800.0,636540.0
Pineapples,Ghana (National),,2014,10500.0,63000.0,661500.0
Pineapples,Ghana (National),,2015,10500.0,63000.0,661500.0
Pineapples,Ghana (National),,2016,10500.0,63000.0,661500.0
Pineapples,Ghana (National),,2017,10704.0,63145.3,675907.2912000001
Pineapples,Ghana (National),,2018,10808.0,63554.9,686901.3592000001
Pineapples,Ghana (National),,2019,10834.0,64074.5,694183.133
Pineapples,Ghana (National),,2020,10824.0,64638.0,699641.712
Pineapples,Ghana (National),,2021,10927.0,63475.4,693595.6958000001
Pineapples,Ghana (National),,2022,10712.0,64952.5,695771.18
Pineapples,Ghana (National),,2023,10730.0,64896.8,696342.664
Pineapples,Ghana (National),,2024,10748.0,64685.0,695234.38
Plantain,ASHANTI,,2011,96216.34396875,10158.69,977431.904671875
Plantain,BRONG AHAFO,,2011,72901.0,14483.09,1055831.7500000002
Plantain,CENTRAL ,,2011,17862.4,8916.05,159262.076
Plantain,EASTERN ,,2011,84768.04000000001,10077.38,854240.0
Plantain,NORTHERN,,2011,,,0.0
Plantain,VOLTA,,2011,7899.4,7918.97,62555.10904
Plantain,WESTERN,,2011,56850.0,8980.0,510513.0
Plantain,Western, Amenfi East,2011,4850.0,10500.0,50925.0
Plantain,Western,Amenfi  West (Wassa Amenfi),2011,4800.0,9600.0,46080.0
Plantain,Western,Aowin -Suaman,2011,8300.0,10900.0,90470.0
Plantain,Western,Bia,2011,7000.0,9850.0,68950.0
Plantain,Western,Bibiani-Anhwiaso-Bekwai,2011,8100.0,9900.0,80190.0
Plantain,Western,East Nzema,2011,350.0,9850.0,3447.5
Plantain,Western,Jomoro,2011,300.0,10800.0,3240.0
Plantain,Western,Juabeso,2011,7200.0,,
Plantain,Western,Mporhor Wassa East,2011,1750.0,8990.0,15732.5
Plantain,Western,Sefwi-Wiaso,2011,12400.0,9600.0,119040.0
Plantain,Western,Shama Ahanta East,2011,350.0,8980.0,3143.0
Plantain,Western,Wassa West,2011,1150.0,7800.0,8970.0
Plantain,Western,West Ahanta,2011,300.0,7050.0,2115.0
Plantains and cooking bananas,Ghana (National),,2012,337293.0,10544.3,3556518.5799
Plantains and cooking bananas,Ghana (National),,2013,339060.0,10839.7,3675308.682000001
Plantains and cooking bananas,Ghana (National),,2014,357000.0,10605.0,3785985.0
Plantains and cooking bananas,Ghana (National),,2015,362607.0,10900.0,3952416.3
Plantains and cooking bananas,Ghana (National),,2016,362607.0,11032.4,4000425.4668
Plantains and cooking bananas,Ghana (National),,2017,384701.0,11122.5,4278836.8725
Plantains and cooking bananas,Ghana (National),,2018,419170.0,11184.7,4688290.699
Plantains and cooking bananas,Ghana (National),,2019,388826.0,11116.8,4322500.8768
Plantains and cooking bananas,Ghana (National),,2020,394325.0,11123.8,4386392.435
Plantains and cooking bananas,Ghana (National),,2021,400774.0,11142.8,4465744.527199999
Plantains and cooking bananas,Ghana (National),,2022,394642.0,11127.9,4391536.711800001
Plantains and cooking bananas,Ghana (National),,2023,396580.0,11131.6,4414569.928
Plantains and cooking bananas,Ghana (National),,2024,397332.0,11134.1,4423934.2212
Rice,ASHANTI,,2011,10280.7,2687.03,27624.5695
Rice,BRONG AHAFO,,2011,3840.0,1604.11,6159.77
Rice,CENTRAL ,,2011,4328.364561403509,1239.83,5366.446800000001
Rice,EASTERN ,,2011,6655.0,3353.9,22320.2
Rice,GREATER ACCRA,,2011,2909.31,6452.77,18773.095
Rice,Ghana (National),,2012,189529.0,2538.6,481138.3194
Rice,Ghana (National),,2013,215905.0,2637.8,569514.209
Rice,Ghana (National),,2014,224000.0,2696.4,603993.6
Rice,Ghana (National),,2015,233270.0,2750.0,641492.5
Rice,Ghana (National),,2016,243858.0,2820.0,687679.56
Rice,Ghana (National),,2017,241700.0,2987.5,722078.75
Rice,Ghana (National),,2018,206000.0,3735.0,769410.0
Rice,Ghana (National),,2019,282000.0,3280.1,924988.2
Rice,Ghana (National),,2020,291000.0,3343.6,972987.6
Rice,Ghana (National),,2021,357000.0,3201.7,1143006.9
Rice,Ghana (National),,2022,382000.0,3358.6,1282985.2
Rice,Ghana (National),,2023,443200.0,3255.9,1443014.88
Rice,Ghana (National),,2024,472900.0,3639.7,1721214.13
Rice,NORTHERN,,2011,73389.0,2334.05,171293.465
Rice,UPPER EAST,,2011,51080.0,2142.81,109454.8
Rice,UPPER WEST,,2011,4829.0,1351.58,6526.8
Rice,VOLTA,,2011,22759.0,3312.51,75389.316
Rice,WESTERN,,2011,17410.0,1210.0,21066.1
Rice,Western, Amenfi East,2011,1230.0,1180.0,1451.4
Rice,Western,Amenfi  West (Wassa Amenfi),2011,1430.0,1350.0,1930.5
Rice,Western,Aowin -Suaman,2011,1830.0,1430.0,2616.9
Rice,Western,Bia,2011,2110.0,1250.0,2637.5
Rice,Western,Bibiani-Anhwiaso-Bekwai,2011,1670.0,1160.0,1937.2
Rice,Western,East Nzema,2011,610.0,1400.0,854.0
Rice,Western,Jomoro,2011,1020.0,1190.0,1213.8
Rice,Western,Juabeso,2011,2920.0,,
Rice,Western,Mporhor Wassa East,2011,120.0,1220.0,146.4
Rice,Western,Sefwi-Wiaso,2011,2830.0,1340.0,3792.2
Rice,Western,Shama Ahanta East,2011,140.0,1210.0,169.4
Rice,Western,Wassa West,2011,1390.0,1190.0,1654.1
Rice,Western,West Ahanta,2011,110.0,1190.0,130.9
"Seed cotton, unginned",Ghana (National),,2012,18000.0,972.2,17499.6
"Seed cotton, unginned",Ghana (National),,2013,16000.0,968.8,15500.8
"Seed cotton, unginned",Ghana (National),,2014,16000.0,968.8,15500.8
"Seed cotton, unginned",Ghana (National),,2015,16000.0,968.8,15500.8
"Seed cotton, unginned",Ghana (National),,2016,16000.0,968.8,15500.8
"Seed cotton, unginned",Ghana (National),,2017,16000.0,968.8,15500.8
"Seed cotton, unginned",Ghana (National),,2018,15000.0,833.3,12499.5
"Seed cotton, unginned",Ghana (National),,2019,15000.0,1866.7,28000.5
"Seed cotton, unginned",Ghana (National),,2020,15000.0,1866.7,28000.5
"Seed cotton, unginned",Ghana (National),,2021,15000.0,1866.7,28000.5
"Seed cotton, unginned",Ghana (National),,2022,15000.0,1866.7,28000.5
"Seed cotton, unginned",Ghana (National),,2023,15000.0,1833.9,27508.5
"Seed cotton, unginned",Ghana (National),,2024,15000.0,1859.3,27889.5
Sorghum,BRONG AHAFO,,2011,630.0,1123.95,708.09
Sorghum,Ghana (National),,2012,230841.0,1212.9,279987.04890000005
Sorghum,Ghana (National),,2013,225819.0,1136.9,256733.6211
Sorghum,Ghana (National),,2014,227000.0,1141.0,259007.0
Sorghum,Ghana (National),,2015,228393.0,1150.0,262651.95
Sorghum,Ghana (National),,2016,229604.0,1000.0,229604.0
Sorghum,Ghana (National),,2017,208799.0,1101.5,229992.0985
Sorghum,Ghana (National),,2018,275838.0,1146.5,316248.267
Sorghum,Ghana (National),,2019,300000.0,1150.0,345000.0
Sorghum,Ghana (National),,2020,304000.0,1171.1,356014.4
Sorghum,Ghana (National),,2021,310000.0,1045.2,324012.0
Sorghum,Ghana (National),,2022,310000.0,1295.2,401512.0
Sorghum,Ghana (National),,2023,310000.0,1332.3,413013.0
Sorghum,Ghana (National),,2024,380192.0,1259.9,479003.9008
Sorghum,NORTHERN,,2011,70780.0,1845.64,130634.3
Sorghum,UPPER EAST,,2011,66230.0,1050.05,69544.8
Sorghum,UPPER WEST,,2011,101438.52447552448,796.9,80836.31124260355
Sorghum,VOLTA,,2011,4403.6,1213.8,5345.106400000001
Sorghum,WESTERN,,2011,,,0.0
Soya beans,Ghana (National),,2012,93585.0,1621.1,151710.6435
Soya beans,Ghana (National),,2013,84800.0,1635.6,138698.88
Soya beans,Ghana (National),,2014,86870.0,1628.5,141467.795
Soya beans,Ghana (National),,2015,86270.0,1650.2,142362.754
Soya beans,Ghana (National),,2016,86880.0,1648.5,143221.68
Soya beans,Ghana (National),,2017,101700.0,1676.4,170489.88
Soya beans,Ghana (National),,2018,103000.0,1715.5,176696.5
Soya beans,Ghana (National),,2019,112000.0,1723.2,192998.4
Soya beans,Ghana (National),,2020,116000.0,1801.7,208997.2
Soya beans,Ghana (National),,2021,126000.0,1730.2,218005.2
Soya beans,Ghana (National),,2022,135000.0,1888.9,255001.5
Soya beans,Ghana (National),,2023,140000.0,1857.1,259994.0
Soya beans,Ghana (National),,2024,145000.0,1862.1,270004.5
Sugar cane,Ghana (National),,2012,6000.0,24666.7,148000.2
Sugar cane,Ghana (National),,2013,6000.0,25000.0,150000.0
Sugar cane,Ghana (National),,2014,6000.0,24833.3,148999.8
Sugar cane,Ghana (National),,2015,6013.0,24879.1,149598.02829999998
Sugar cane,Ghana (National),,2016,6074.0,24795.6,150608.4744
Sugar cane,Ghana (National),,2017,6142.0,24684.0,151609.128
Sugar cane,Ghana (National),,2018,6211.0,24590.7,152732.8377
Sugar cane,Ghana (National),,2019,6280.0,24494.4,153824.832
Sugar cane,Ghana (National),,2020,6336.0,24412.5,154677.6
Sugar cane,Ghana (National),,2021,6373.0,24415.4,155599.34420000002
Sugar cane,Ghana (National),,2022,6381.0,24384.5,155597.4945
Sugar cane,Ghana (National),,2023,6415.0,24342.1,156154.5715
Sugar cane,Ghana (National),,2024,6450.0,24297.1,156716.295
Sweet potatoes,Ghana (National),,2012,74000.0,1824.3,134998.2
Sweet potatoes,Ghana (National),,2013,74000.0,1824.3,134998.2
Sweet potatoes,Ghana (National),,2014,74738.0,1850.0,138265.3
Sweet potatoes,Ghana (National),,2015,74389.0,1903.8,141621.7782
Sweet potatoes,Ghana (National),,2016,75004.0,1843.8,138292.37519999998
Sweet potatoes,Ghana (National),,2017,78026.0,1872.0,146064.672
Sweet potatoes,Ghana (National),,2018,78525.0,1808.3,141996.7575
Sweet potatoes,Ghana (National),,2019,77185.0,1841.3,142120.7405
Sweet potatoes,Ghana (National),,2020,79727.0,1798.6,143396.9822
Sweet potatoes,Ghana (National),,2021,78479.0,1815.8,142502.1682
Sweet potatoes,Ghana (National),,2022,78464.0,1818.3,142671.0912
Sweet potatoes,Ghana (National),,2023,78890.0,1810.8,142854.012
Sweet potatoes,Ghana (National),,2024,78611.0,1815.0,142678.965
Taro,Ghana (National),,2012,196328.0,6470.1,1270261.7928
Taro,Ghana (National),,2013,193998.0,6502.5,1261471.995
Taro,Ghana (National),,2014,200000.0,6495.0,1299000.0
Taro,Ghana (National),,2015,200490.0,6490.0,1301180.1
Taro,Ghana (National),,2016,200490.0,6490.0,1301180.1
Taro,Ghana (National),,2017,212546.0,6527.0,1387287.742
Taro,Ghana (National),,2018,203000.0,7196.7,1460930.1
Taro,Ghana (National),,2019,214000.0,7122.3,1524172.2
Taro,Ghana (National),,2020,213000.0,7493.0,1596009.0
Taro,Ghana (National),,2021,219000.0,7534.2,1649989.8
Taro,Ghana (National),,2022,232964.0,7294.1,1699262.7124
Taro,Ghana (National),,2023,240588.0,7121.9,1713443.6771999998
Taro,Ghana (National),,2024,245230.0,7199.5,1765533.385
Tomatoes,Ghana (National),,2012,44750.0,7173.2,321000.7
Tomatoes,Ghana (National),,2013,46100.0,7380.0,340218.0
Tomatoes,Ghana (National),,2014,47000.0,7803.7,366773.9
Tomatoes,Ghana (National),,2015,47000.0,7803.7,366773.9
Tomatoes,Ghana (National),,2016,47000.0,7803.7,366773.9
Tomatoes,Ghana (National),,2017,47000.0,7875.7,370157.9
Tomatoes,Ghana (National),,2018,48776.0,7650.6,373165.6656
Tomatoes,Ghana (National),,2019,47592.0,7932.1,377504.5032
Tomatoes,Ghana (National),,2020,48546.0,7910.7,384032.8422
Tomatoes,Ghana (National),,2021,48305.0,7830.2,378237.811
Tomatoes,Ghana (National),,2022,48148.0,7890.9,379931.0532
Tomatoes,Ghana (National),,2023,48333.0,7877.3,380733.5409
Tomatoes,Ghana (National),,2024,48262.0,7866.1,379633.7182
Unmanufactured tobacco,Ghana (National),,2012,5800.0,421.7,2445.86
Unmanufactured tobacco,Ghana (National),,2013,5928.0,421.7,2499.8376000000003
Unmanufactured tobacco,Ghana (National),,2014,5936.0,408.1,2422.4816
Unmanufactured tobacco,Ghana (National),,2015,5912.0,404.3,2390.2216000000003
Unmanufactured tobacco,Ghana (National),,2016,6080.0,400.1,2432.608
Unmanufactured tobacco,Ghana (National),,2017,6252.0,391.9,2450.1588
Unmanufactured tobacco,Ghana (National),,2018,6081.0,409.7,2491.3857
Unmanufactured tobacco,Ghana (National),,2019,6234.0,401.6,2503.5744000000004
Unmanufactured tobacco,Ghana (National),,2020,6189.0,409.8,2536.2522000000004
Unmanufactured tobacco,Ghana (National),,2021,6168.0,413.1,2548.0008000000003
Unmanufactured tobacco,Ghana (National),,2022,6197.0,408.0,2528.376
Unmanufactured tobacco,Ghana (National),,2023,6185.0,411.4,2544.509
Unmanufactured tobacco,Ghana (National),,2024,6183.0,414.1,2560.3803000000003
Yam,ASHANTI,,2011,33938.0,13872.76,470813.80499999993
Yam,BRONG AHAFO,,2011,125473.0,17305.25,2171341.28
Yam,CENTRAL ,,2011,2818.3,5574.83,15711.55
Yam,EASTERN ,,2011,39209.0,17419.3,682993.5
Yam,NORTHERN,,2011,138553.0,14475.38,2005607.445
Yam,UPPER WEST,,2011,26301.6,1223.67,32184.434227677342
Yam,VOLTA,,2011,27355.5,15600.19,426750.9565000001
Yam,WESTERN,,2011,10150.0,4900.0,49735.0
Yam,Western, Amenfi East,2011,500.0,7900.0,3950.0
Yam,Western,Amenfi  West (Wassa Amenfi),2011,600.0,6800.0,4080.0
Yam,Western,Aowin -Suaman,2011,860.0,6800.0,5848.0
Yam,Western,Bia,2011,1700.0,5000.0,8500.0
Yam,Western,Bibiani-Anhwiaso-Bekwai,2011,2550.0,7800.0,19890.0
Yam,Western,East Nzema,2011,30.0,4800.0,144.0
Yam,Western,Jomoro,2011,20.0,4800.0,96.0
Yam,Western,Juabeso,2011,1750.0,,
Yam,Western,Mporhor Wassa East,2011,200.0,4920.0,984.0
Yam,Western,Sefwi-Wiaso,2011,1700.0,8900.0,15130.0
Yam,Western,Shama Ahanta East,2011,30.0,4900.0,147.0
Yam,Western,Wassa West,2011,180.0,5800.0,1044.0
Yam,Western,West Ahanta,2011,30.0,4800.0,144.0
Yams,Ghana (National),,2012,426343.0,15571.7,6638885.2931
Yams,Ghana (National),,2013,421558.0,16782.0,7074586.356
Yams,Ghana (National),,2014,428000.0,16633.2,7119009.6
Yams,Ghana (National),,2015,430198.0,16960.0,7296158.08
Yams,Ghana (National),,2016,438183.0,16980.0,7440347.34
Yams,Ghana (National),,2017,458480.0,17136.8,7856880.064
Yams,Ghana (National),,2018,470000.0,16719.6,7858211.999999999
Yams,Ghana (National),,2019,500000.0,17508.0,8754000.0
Yams,Ghana (National),,2020,505000.0,17714.9,8946024.5
Yams,Ghana (National),,2021,551000.0,18653.4,10278023.4
Yams,Ghana (National),,2022,580707.0,18430.8,10702894.5756
Yams,Ghana (National),,2023,568184.0,18570.3,10551347.3352
Yams,Ghana (National),,2024,536529.0,18849.0,10113035.121
